"vectorZ","vectorH0","vectorOm","vectorOl","resultados"
535.0099704726347,94.28525082483016,0.2638275707920823,0.21243530496254293,59.94357793665267
603.1910374199708,59.95921719313395,0.6671280206351968,0.6258932332246008,58.64571843917048
896.2593387479965,78.94788122530235,0.1921575095539294,0.8314717106968312,60.45404085632336
768.3459313780158,84.39996952242792,0.18196675495564651,0.8367215387680076,60.03477494699183
379.7556501598117,71.22135497331237,0.13408604582915284,0.7959045812118384,59.533604672842756
198.8313672501497,77.99730198761875,0.5903358533595371,0.01078453085424047,56.78117253899351
343.6480550335052,94.46525041025129,0.17467629377619165,0.3779513368173837,59.41114539676096
758.7866140779495,53.48912441978349,0.49512547402793894,0.2885052631192291,60.60426709299999
137.63139991636172,96.89768199808636,0.8605633408133435,0.8276896861732805,53.52312962067366
185.24690363155491,75.85610512285909,0.6012096230457205,0.7304838667952913,55.500889712782794
378.5785419275353,52.952522002738064,0.3242057803483247,0.13874636188175593,60.105598322420235
372.2248324419554,79.91484808867983,0.04494362250912953,0.4476558668946291,62.27615027861242
2.079904488950774,72.29929393634278,0.24347399050379082,0.3710941961070291,45.98794254431661
567.6396668866519,59.36429610712326,0.9835774112228568,0.027039836209296286,58.70754981707789
801.4211658063789,68.02381984125685,0.7790020675416052,0.34869975506405715,59.211387220698114
615.3953629273515,68.99146341009359,0.6499258106723249,0.3672193597237472,58.92308002781902
836.8282929665509,76.73003911740932,0.5210097788446963,0.3209466458331338,59.884923138554285
461.15426235622795,98.15042704382807,0.9639794557037311,0.49723299144846056,56.55268601617425
561.3623694434393,52.82199927397754,0.9934669028513119,0.49960222735414517,58.26572854240786
733.0220748833997,83.67395881781424,0.4633518282096163,0.9294382149228646,58.05481730065418
345.6886829233781,76.90259415239919,0.6111652881317808,0.2945221088717924,57.63652791555485
455.93139031704186,51.25057005419599,0.9034287191103529,0.44654244295530954,58.144708261167125
487.9342896326966,62.33786978440678,0.863831421579234,0.41785688047717984,57.99977941434739
367.24959480959365,69.56043394127114,0.578226219725982,0.9052536308188448,56.73195983816776
109.57464866635678,65.11888270766202,0.03714283420828157,0.011864308896214704,60.1544437307203
826.7485597088973,68.1416103033869,0.3944413547492187,0.19390620055210106,60.87174822428348
164.86373561240862,65.30386792372957,0.20066484462334122,0.01229697626339954,58.71284041690933
179.20748531217214,85.57201923702277,0.8696208864703903,0.998458846602504,53.88076602354282
774.7939111385103,65.75390343556465,0.8214756680821362,0.054410617843405396,59.50966938354202
896.1355253897702,76.37765541555504,0.4707652654597696,0.46257009654825265,59.98914627105255
298.0342132056676,95.01317525929426,0.1870648594063542,0.4596036334458875,58.77458279331927
567.6448293125343,97.11557817690772,0.9671106017259221,0.021735295203516802,57.679087364757855
412.91001083745414,87.94289501680163,0.24639000472024097,0.46239467340561036,59.17933666583578
860.755714102424,50.85947070456942,0.3501671536540272,0.6795237770447944,60.8241519197948
380.4703873838257,69.72052480428276,0.4108379575444787,0.46389356151136685,58.53382778867652
260.6239365183542,86.0334547214202,0.9024599138122658,0.6878933096972446,55.370251368148864
966.9875163308311,51.082707345619006,0.8037906483569497,0.4661252122121624,59.988256973411836
101.49589878719416,97.99788817854159,0.19689311109090735,0.9325746633347027,54.631037964661445
255.22488849237402,96.63628567382828,0.3851903944268129,0.6027923055595878,56.75349291890189
108.7041177416877,64.52866294320535,0.8972321794869096,0.5180022960203414,54.402072611905865
302.1309833045236,83.32629884370265,0.8480574857191487,0.017157378203452645,56.87482494574389
811.5792665268818,69.2823130525086,0.9348878551997126,0.5645788883725926,58.47777661417042
601.0716148704012,96.6196576172674,0.12088915770717668,0.8865172276809656,59.58270507759562
867.382011031623,80.93511089516048,0.1780752124914482,0.831397760883609,60.45599064624278
797.3138163026827,74.78436807011506,0.6138314255737489,0.2273825336467581,59.65255141467169
116.91903872629837,82.38731483688576,0.24899298241486156,0.8049650255016787,55.51326269724359
791.556858682434,60.02502739020969,0.5127865006403824,0.12878236563836087,60.61586892928304
574.0547166900428,91.97218406224208,0.5544905848866741,0.3248400165675751,58.52338929865799
312.9309954423327,72.61887804165347,0.7195076827002729,0.599368571643903,56.71260335108313
790.468981046819,97.91857877555638,0.6946139375085991,0.15219019376137388,58.90516566449679
737.9921325718499,96.83894809726152,0.9079815144668593,0.37287019635732066,57.92487164295825
170.47394124642324,50.58703746948827,0.4587578452756169,0.558545737063693,57.03636982880094
271.13391791448225,57.69872684448815,0.2963150191090409,0.3217038596519153,59.040800455483364
123.0148151872852,77.04010230156945,0.3208158319795029,0.033717166168453216,56.77758363784115
69.7704088476612,99.5970459697669,0.5040372536328912,0.43909961286509347,53.572064209338876
425.7914995762908,91.52182765019819,0.0821179108907435,0.04138846780517902,61.911132745765215
512.1330195481905,59.405201469710846,0.3651359957256861,0.48572525791832066,59.72773363379993
101.905065942884,90.27153547702441,0.8639456220481039,0.8683869827977193,52.94253317829302
713.6892956224397,73.66271639048631,0.08809385822709337,0.05967420172669424,63.49971479823671
629.0599232902846,53.27156324648167,0.1542137811578539,0.48519783538524064,62.06944537406825
728.6711166670332,54.817865676454566,0.33315410369295106,0.501383096034993,60.83315690115663
583.8602063699909,50.23854677891423,0.09576884858312562,0.20070644604704158,63.48112031330197
450.1917566089269,63.92015654693729,0.2518934016473007,0.1725793543480456,60.53872264284273
139.83172309270913,60.775694561653914,0.6058455613383873,0.41209325021758736,55.95058867079152
2.3422759212214714,90.581625474729,0.8412804260085738,0.3675765406672993,45.14069404511205
825.4810599707239,58.741640846412615,0.00545255712306747,0.12105454296617646,68.88363904634127
881.1071537637283,68.41605371172233,0.6033318218277033,0.5805037533041346,59.47322484803617
443.69182879815094,67.96889534209126,0.28949175127374605,0.7497214165433366,58.84885169795651
24.87475760117991,74.5209634802926,0.8083469952796196,0.6923164579077989,50.78127447653497
906.4826328924735,76.7974321587962,0.024918125784137546,0.5049894274589286,65.50446570765894
544.2265195933307,57.28178157031866,0.9274965410371023,0.406636095643657,58.30395238967188
878.3429221729998,86.91451213055242,0.1845213907073604,0.8305847621458102,60.27308953605315
189.33117941954993,97.2743163143943,0.039084156490320154,0.37083297847270447,60.43775001290041
74.27669658042169,71.06633097222208,0.5255645884963007,0.4080736621850791,54.42351523706122
205.11700530498274,95.59095932410162,0.592612271993914,0.3827398241501099,55.916122252744096
372.8479672637318,78.54730585006857,0.16923760260686138,0.5590944178745307,59.66280053139951
802.2539457557132,74.22218909425753,0.1371326002409723,0.04215387619974065,62.93526101423021
111.60472105433632,64.37907998614997,0.20927588644431427,0.8758667089376153,55.93558436759098
543.4671619900137,81.91116767394678,0.1734483937815039,0.8134137598745759,59.52125714687031
622.7433280245921,62.55726815681656,0.484172364297599,0.9987951292623602,57.96533504955021
760.9726896782763,92.0242545120108,0.12029502102508527,0.4176610890833288,61.95233954240359
248.21074034174126,60.624957298168866,0.10304609096587436,0.1124393311872871,60.95357118985231
925.1739542904022,63.76995015188071,0.7800749059413012,0.03814827530465492,60.09518217358489
296.48016665285195,96.28689842255619,0.009294409282765592,0.5580701063243187,63.46814314370225
902.7379547525909,78.63369759322863,0.9695612899485289,0.810082712014899,57.84110206398404
349.85437997092913,74.37433592668489,0.6437203278957324,0.32181014168240196,57.595066492064134
357.0294145186467,99.69393440084636,0.43228190488712315,0.3455177371619431,57.72962503350123
859.520370432615,68.2919288232285,0.48749242463318954,0.6915681551926733,59.54847054193648
574.5295479043848,59.75505788617673,0.3626611951475627,0.42525390770938687,60.10758393163441
116.91400180627261,98.13290947989725,0.7883637226552183,0.20157556236160534,54.30779497445891
318.5606960320881,57.59701050434883,0.8634060202548488,0.6997139929941341,56.72725495496283
87.73999322442432,87.46283284303153,0.35674273913233256,0.5095259832529315,54.85490733856131
135.4873866732844,83.86300456222124,0.3966919451412547,0.05757340662375565,56.41735385718994
415.2998396326475,93.48537983972915,0.8068403722500357,0.2942433080589766,57.08347577256359
91.07788194123032,91.50226156006383,0.6697719050476152,0.3087263569875731,54.05510276377932
558.8785661556303,77.01452150091686,0.49461778969250325,0.022451869344069397,59.50213686721129
826.3120385564623,71.60359575983165,0.7762246155487755,0.07356152150487971,59.55948923848034
729.2908283110492,54.22362230395519,0.441165362843956,0.357699016917185,60.59726659192678
579.9423498120864,61.61451397199579,0.6953373270123868,0.29209608794796527,59.02281707258322
408.3457023092394,69.02922709971405,0.2740098447555579,0.8142101821075058,58.493575697866724
594.6170952909747,71.64590109595805,0.4400230138137997,0.8525239460660368,58.31868035065607
937.129989916519,88.6193644765446,0.646445470853694,0.7641228651270846,58.47549332682294
242.576488519014,55.484971206259814,0.38548720567196937,0.2831010108406091,58.43625346165076
189.8962446468911,52.223265405459564,0.4408889180925193,0.12162321435915291,57.96980907481394
96.832224057355,65.72976095177172,0.7977641746291602,0.738503939771957,53.92566512461868
660.5276406136045,84.0703066046521,0.2414387827270248,0.7374097337403589,59.629886063649096
656.4922652101284,80.35872527901745,0.45305903458896357,0.21207326962397222,59.69092649189675
26.143345733801198,71.37844564870336,0.04889951811424886,0.13327015479709248,54.97871917571419
447.7978390698265,70.31545375741594,0.29462884169873615,0.559876870829709,59.29687579393563
751.4595795564778,69.9090140671005,0.9086670500744043,0.7109002137793985,58.04617594797171
777.1464717237261,60.61344973735088,0.1485517640966747,0.4619737864908764,62.40145723043324
142.46234086596178,50.93020258054851,0.5829214617972895,0.47960781471355496,56.33718493065416
493.3024783133933,83.52557286682793,0.9553896552945171,0.690700688819728,56.70568271378563
484.1194342365302,84.39296703277054,0.3271371933545981,0.8476114433556796,58.01137789908154
362.2906640606918,80.34623959627402,0.16670314578611034,0.7365208343140561,59.03333956330354
755.3510128901403,98.31062047993922,0.3680057638192542,0.20461562155662216,59.994448444689
943.7142222861698,55.75477891393575,0.9806401589309788,0.556809131700817,59.2018103251212
615.7489628606709,65.75418325864274,0.29433707221298966,0.36574189287991343,60.572897198855756
213.27878860635906,97.530305193924,0.4807894273919826,0.9157803145904897,55.072146284239
595.4087963645729,87.72124077810437,0.9500567606273533,0.9566362267654915,56.347388601899915
440.63692418698747,76.0524661688252,0.43149316576449337,0.9452788193164541,57.20548157600737
698.3072379058608,71.64335504660394,0.9055940049802176,0.8769148721373214,57.43070528243045
855.4722754935904,71.64975458633023,0.9480525607517856,0.9855912598374974,57.46744420232388
695.0521721391099,79.8299459557172,0.15016897870430923,0.3055592446023241,61.847964071387594
325.85942120345726,64.6565478319179,0.2781308987612523,0.7718506339181368,58.265515321296604
113.54261617280304,60.50042170527866,0.6478389062242933,0.5862330647655896,55.08749449926047
936.0565986394893,61.69886944102924,0.933946405528167,0.004847052319659317,59.8616320261271
281.3807788241138,81.769579210119,0.9911807093000202,0.045014665375509244,56.41771297897325
69.27932480419031,59.53582313158087,0.5852260775711913,0.8642691744724558,53.61291884893874
856.1914594230725,65.54860930144656,0.9388645698958424,0.3448723255561754,59.07484294585471
658.5670511465025,74.9274756352026,0.15532158140564434,0.60848537471041,61.093730820343794
603.3680772104767,57.59151595309473,0.6118806472882423,0.45184683524700664,59.24216692749661
217.3033061727965,85.33441900617048,0.7504569188539212,0.27953930196400445,56.00011317977846
685.1924395348447,52.23509432357354,0.8755074390818254,0.0342966962051976,59.630985274120405
297.86988110019547,90.7132654055387,0.5999761819968543,0.09657416411574204,57.24572058315297
862.9517707071141,90.3744218791844,0.5085889538485058,0.5772762345827331,59.15075175942614
820.4644329395403,57.25060624378393,0.32180652920005826,0.12460906756598011,61.743063124752155
108.6696053379535,86.41143196201234,0.5631755262944773,0.41290519829671624,54.744089479923765
722.6182708701065,88.36196968700298,0.15546875851683217,0.4693118226503272,61.31141317664732
962.7197537129962,70.77848167077315,0.023713020272621455,0.3709767755946576,66.2304701015929
540.4528790405868,70.50168026390959,0.548092317842273,0.03835757741493073,59.392466761122776
474.54384645968776,57.665419509698445,0.10935335946491898,0.8007415135335769,60.82111214280319
862.2594017286128,92.93048110250923,0.3642791324694328,0.8715152845668681,58.790256477127414
331.7916304310429,85.09341704799137,0.9980361616539779,0.21898534501748212,56.478252470699495
368.8048551726454,87.07186518998476,0.6347937119534797,0.5498606867335134,57.00455642808358
159.7241860042252,82.98874858312621,0.8203510033371497,0.9695439907709356,53.8752112949162
490.94209773659395,74.43995441175643,0.9462555589356774,0.7252266456493583,56.88905904430187
4.329605443726905,52.82476316636784,0.6258356171108586,0.694614386328904,47.95905533193768
873.1509801145062,84.37572931806324,0.3924508859912521,0.06046642651110812,60.730942152705026
48.3626970177927,91.74077042360396,0.44955087344309863,0.5242074361031401,52.95980262293595
559.1471351913069,78.57447629740233,0.5455210374848145,0.6734818623768255,58.14663891499269
808.6084213226686,67.6475631611213,0.160614074761517,0.19516223447774284,62.61844976791947
825.7406582463291,79.22164981593951,0.7720230723888328,0.5487937671131453,58.614190722759474
191.60199800744158,65.11059898226068,0.33698447314265745,0.003753601332755485,58.15386989172956
609.4912741552546,73.61750393304969,0.959562773243078,0.23192644967767473,58.19412644466162
869.5796374810561,71.41624892588126,0.8577884690080382,0.2587382011367154,59.22879160285065
286.34410672882836,76.86282932167397,0.6337087457732453,0.10298278212129164,57.40149205251246
923.1200696263766,57.68944436314878,0.2121291027456873,0.48884504357244385,62.150414723706305
962.8546316469217,82.28339311292694,0.10844909304665018,0.8804616281837685,61.19110825364632
737.8219896281582,85.64567795167312,0.9242864580133971,0.46618259244717275,58.00585995454264
388.40702095690494,92.67891995768042,0.4815834441649176,0.0159442965722687,58.33339790770626
504.9184352963971,75.74049896472344,0.038082351248935664,0.94082912347107,60.998273071564
671.2543810606335,68.48192268190074,0.20497234195253333,0.8998157160932574,59.67174887821285
264.1548005329487,76.09963532771124,0.7024444202529678,0.9991773930708796,55.22993004802301
354.7729784922235,56.55326771807289,0.02701928778721463,0.3784119834511137,63.88733684946348
970.3643571138766,81.32779822058393,0.7579627645032809,0.7486355639340219,58.50070096324171
116.5203454547543,87.13137209896153,0.1652605016523896,0.6458249877917388,56.522007810598105
645.9002196881565,68.54107530389398,0.6573498978920778,0.727689528620552,58.29211723159566
380.6509129102303,55.1951237756203,0.9340127349665444,0.8412287016799369,56.74583606852109
483.717141081775,76.83085198302854,0.511641762545402,0.41823175844926697,58.5292536663988
263.7434413040378,60.036201041071045,0.16323715504929326,0.10092394458647025,60.31962917689684
723.9685256115872,78.85440768011435,0.13766881123933006,0.5831564488039105,61.498941945668705
901.6673598660514,76.46998406520052,0.4959206884480232,0.17759637583282784,60.37991467974561
8.648345960953407,89.89646965889798,0.36897750647457483,0.6226991132929685,49.026374198266026
491.73797324952375,57.270234367642736,0.4939875549194803,0.32352317728437185,59.433432718595014
160.00890453357624,76.00104266040918,0.7440337195172988,0.6913496077642778,54.906527215358416
44.41218111158287,70.57079795377845,0.9940377458555465,0.6053181384224504,51.96071755956601
583.5343019143872,62.40442796358479,0.2602463291013246,0.46561405460270877,60.60169067165627
542.6315208367578,69.92684212880249,0.49605135545846757,0.859236985405756,57.95740645252772
387.48484195530136,69.77597477422196,0.23289547625421214,0.14800602829207277,60.18458465406064
998.6034080661773,64.61202405420966,0.21343918872796674,0.24498154786807724,62.55871811685293
646.8324733582963,52.4145939008421,0.7272015289114764,0.5133980477453357,59.157328716400144
258.8969158368177,81.66248881908756,0.5086969152093987,0.5467065683933812,56.77072218173015
67.95842397823935,62.52825356322368,0.8276297333741287,0.8451913486972831,53.00354841108409
83.73774074596054,79.31870702730897,0.31429801097956744,0.07837182826048372,55.75736111203533
694.333863934617,55.920424701461194,0.3590976958953169,0.9938063945820725,58.85835680684306
772.2842066350522,58.896157925349115,0.36435773442861796,0.12061158212394774,61.300850369126735
246.40960865325314,93.6757365147267,0.6581859062254134,0.5023413836357413,55.976980291162384
416.15587408202464,77.40767991399233,0.47594228264868765,0.820298328773104,57.358087183562006
715.3893847433073,65.14185483397877,0.2587147178963798,0.8165184095245839,59.94125365912065
824.4370947013547,90.34601947994506,0.09942998040503337,0.19099203663062858,62.97538369352944
76.06545366227579,97.88749729329429,0.1530296203437218,0.31227969230050023,55.95689543246003
845.069055628489,90.9233971688302,0.24630033261159845,0.3939368919716366,60.87884812406635
912.7579920156363,93.72492363565333,0.7717945296218394,0.7121804824479339,58.11731569541487
574.645635308362,71.21024276506019,0.20861993019012548,0.3867081285601497,60.86679329015614
975.8097057029624,51.345426824100684,0.8770635555058146,0.10224186782272882,60.363978970985954
579.1092037627095,54.7429582688847,0.7814933730060136,0.44054736729770316,58.812683462051545
312.77871364659904,57.97963369580474,0.8201036029091981,0.25926660806619894,57.50917439682749
718.5037624482106,71.3855852047551,0.13695224168726572,0.29769748327889567,62.36076050105838
957.6709834671822,62.53006812850196,0.9011577999480271,0.11542486700515009,59.82261445078046
837.5787304920482,73.46155338748727,0.7909117622324551,0.026452131822070513,59.55313462711477
880.3763762106889,61.606617662396054,0.03621858658845167,0.3598134324040778,65.56244850797302
425.68597527765723,83.51979500968419,0.3645495350923931,0.7519921006284738,57.905755055745225
413.00962437614885,57.69244872622574,0.0637704030920474,0.13490612616159958,63.165312052602516
475.33791731712904,52.489106907936744,0.7692183057325805,0.057685426035000376,59.040873932949054
891.1490736959629,88.85269119700166,0.7768848943908779,0.09709287930671695,59.22687083845909
979.1404635823708,67.60096354598596,0.8049204848029823,0.8293972026229106,58.60577047501006
222.48837391600296,77.64395615211642,0.2612029106874405,0.7430480962645107,57.216468485267946
896.5833340733373,66.3582527938034,0.4503846996273937,0.8326900528960219,59.40904366175694
540.7735760276826,77.94521406942737,0.7240183082544325,0.7322158923763591,57.44764473469425
859.3093112850845,57.743349208405284,0.17607475593796162,0.5906504619221595,62.0792563576224
416.46105452238294,64.70101315064052,0.8222038166703611,0.03549668840970699,58.18370460628539
591.5731331263387,58.224212117098936,0.2297423258672251,0.46688689779281556,61.018455727197036
79.29935333533058,73.585447778112,0.22550604751455472,0.0009243245084051832,56.41048502742957
230.92642111110263,90.39703386434599,0.8887975123008409,0.010521688505612525,56.009090293999265
920.9399177829391,53.43658236903552,0.16819164947989984,0.4658645219429811,62.81453401974082
89.33801842042226,90.57027688469095,0.09183111080250628,0.9651552984597085,55.281570183300786
722.1887891426277,73.20541670380267,0.5538846632244416,0.1935434638862661,59.73342342708801
212.5757171382354,96.14932743140422,0.9885767531503691,0.9743342962260131,53.874902798531686
608.0620366275921,77.79679235737719,0.6580047341620017,0.18783672283320985,58.88124218576329
315.0064319073781,59.58873860378889,0.9411830626969835,0.8118341289533004,56.2343710081981
47.25450335524238,90.33532622678742,0.2586230537244276,0.848939097698121,53.071451761623095
10.392859105442312,55.17194469241421,0.5417578606483462,0.461680472281748,50.21794086954448
183.34128310557435,80.27923770330706,0.3123213425208018,0.36981113050640047,57.23593528030258
118.63081844527733,59.58514145901896,0.5842256886878834,0.2789540844528662,55.87460524596725
346.12490815090337,88.77109863279024,0.08595269997363086,0.20250266403940098,61.1590495138292
952.09567888783,75.85747236108449,0.18917884145359998,0.31954322318149786,62.20650049623431
656.7739952718221,63.00110896359208,0.8219002725527023,0.2621715540302223,58.96291023791028
932.8622760950859,95.39273628751317,0.16776244670176577,0.3074433756113073,61.92146172800054
763.5328139666601,90.65508787016473,0.9927229948306147,0.24652078889218654,58.14981377499994
805.0672656486693,94.68695830156639,0.7298472026671179,0.1719040634645148,58.89200971593836
644.7324007067587,86.11509224968559,0.28514968831998533,0.08208866162153727,60.6071417979267
468.68169753325765,78.05009209103835,0.6143173210455299,0.5929110582178394,57.74213905482189
587.6924900339711,65.30370577105515,0.3183815208513072,0.5361832734834329,59.9792049883153
821.4877115570309,63.087211361160946,0.7115479531376607,0.7764906466326775,58.729313048443956
247.15691375673578,54.77668501849973,0.7387316468347751,0.7748423714437092,56.38402024100293
842.9413819804477,74.68940128089304,0.46993354884258487,0.9984663027512033,58.266897535337876
784.368168877463,72.15447351115253,0.9651216135339209,0.3457976928614388,58.61871416507053
633.5166136458986,77.08708068298984,0.06727077256449854,0.4175446484963967,63.00549797873549
472.88672353777133,63.18773959698718,0.42792530440553644,0.7860907795421239,58.36277197534051
621.9798727536627,97.59326792789173,0.18428037806783837,0.10755073866148224,61.07530881431116
586.8082042606441,52.58313011932039,0.9186374126266261,0.07590465880314023,59.12602513560398
310.80125206915,86.54318641879475,0.4804571503750068,0.9039980013031963,56.18318137184104
997.0248081373425,53.42914568308217,0.10883622367189894,0.30882994039098555,64.17917229362862
93.52404174924663,97.806736072209,0.7703239383424303,0.7375589588273095,53.045746283441446
430.8385511712497,86.99967121974964,0.7299149491336463,0.3997638852384897,57.35365175008742
570.623485202482,80.03881311482783,0.429478258387759,0.06886096501314021,59.68946622330611
40.107835841336964,69.05944671187201,0.7899719401306717,0.17898506886834697,52.63662172839399
565.4443681707191,88.9203599453429,0.29332284997885893,0.6098023458462649,59.19450949016607
72.92959964329407,96.79394921282064,0.5153338831874805,0.5390916435049449,53.54228013318906
519.9034045488738,60.89951752621986,0.5920208427895159,0.6626973817095736,58.419941012434826
552.2738032635709,77.85854082182028,0.20409898450905306,0.3728851066794996,60.65078647014255
937.7595099518601,77.75460330480674,0.9755355823680181,0.8974247689428829,57.70729906263027
393.7958355545286,70.29546516941613,0.48585626311164654,0.6599766569946979,57.85844010649767
575.6863826346264,75.01482278745499,0.8322296351120293,0.7223486110178734,57.44642039465826
337.42090227055223,79.58124808504834,0.39062666276333813,0.7654531851006605,57.3400512083808
190.92309097619204,66.11744949735113,0.8715966157009742,0.02381349785620679,56.28351303241418
298.73700522909667,96.29041445529131,0.7025699110194625,0.5550120872222664,56.1267542812704
119.08933402478078,94.80415327813245,0.5821984111833136,0.4049148994523646,54.704034449228416
80.37012693957195,85.07430381889894,0.12355254344895439,0.8812591348799113,55.315773609725454
459.1304255029345,77.49717938712617,0.7250210018585406,0.4783418495890648,57.624908092436904
850.2197062930977,53.770459692978534,0.9128293581801585,0.936188701607862,58.2893272320631
348.85607328194556,52.74560271533196,0.13302362874016116,0.19296177360476308,61.5296130391591
900.8959897023699,75.34123911189545,0.09399391308992766,0.24983946752281794,63.58861517754208
635.0051705232045,52.58546309312953,0.9956404427433356,0.9663822191471674,57.49620612199984
808.7939607315791,92.36427992920099,0.30521867574620587,0.12431896749670823,60.77832861820545
837.4286911066852,65.16561253962313,0.26308906338688476,0.1464226789583838,61.879449486835256
901.6767080455152,52.597188286162385,0.8964864417333396,0.9797933289240537,58.350360997964145
531.1001353194977,79.79187750977538,0.1685688105738905,0.54901139487962,60.47704958885794
467.5436347268103,69.01679750230655,0.5448436361865945,0.04035347755079832,59.12059995867294
8.180527014275867,94.90904023773967,0.7170924264657246,0.8577814324478832,47.83192066679565
862.1598600967343,82.57052589095004,0.7692411255779514,0.6450566629371406,58.42728307363548
745.0689402157223,52.43694028235403,0.7573303645800826,0.8240936037129316,58.68541968392343
973.3929117133468,68.90444274356908,0.44893733662833,0.6700977782561595,60.00859864506032
479.25179972346245,50.53863221503907,0.02359402411139988,0.6219683059924483,64.56776576998277
99.66495143441784,63.04893908599838,0.8951014310352179,0.5029462537544864,54.288524005763854
330.8489236869343,69.19377791411787,0.1565756337132871,0.3779989978024991,60.20025657727935
380.30264355504687,68.35454747266449,0.27417127872751634,0.030249163998321782,60.028829234579945
379.5329784492237,86.48727093663112,0.9634820145080412,0.8201898096962179,55.764966368720195
609.8302122548237,98.9003084737529,0.6503165026632804,0.7868718784501523,57.2338947711583
727.4444539017397,81.70070036977135,0.11531794224145253,0.08246840861012816,62.77495689430273
825.43472036606,72.10593936319462,0.8023419892900336,0.39369443938956805,59.019608461117784
937.4430762768256,73.61692687104703,0.0380929061135713,0.7245492870364865,64.11818343466348
984.2715769707504,80.48742443131697,0.2736506192249586,0.3038149059367419,61.4517891184895
82.50427476384766,64.84729943069874,0.6118812535835967,0.6115147661728804,54.27888570423587
775.4947360070018,76.593306729331,0.9045507223934535,0.7100547415136695,57.92582366404214
498.8256997082151,56.330234484706054,0.554620970377224,0.434032796463274,59.08901343455801
298.9374720724029,78.59760628164875,0.19971579181018795,0.1976491442004753,59.53108629822668
266.0832758601248,77.46889229870722,0.056209214921851824,0.6820775812967319,60.4744331491043
664.6588474369969,83.89494997618716,0.9200540465559943,0.7653424969193192,57.239626596941264
359.76152229588183,52.56242574010579,0.8036835036939911,0.5621757453200917,57.589785846494436
112.37139927810426,82.19554210711276,0.23073442087802243,0.6435604099705277,56.01718125271076
284.34974037525353,57.875541423013175,0.01815483466405121,0.503705046879664,63.61336782863421
910.3355197138915,94.6402079993365,0.016600122718359422,0.5915618222896608,65.54038472482445
652.5941817377027,95.75338671043602,0.38398067819608395,0.3135564745630086,59.461966851368516
595.7070969208003,59.654562807914004,0.1909954862251093,0.5989663687903648,61.00310810102573
64.96240126671842,80.02744119813873,0.2943501364572425,0.8713769967682701,53.79018927718275
234.67900585570874,95.82096128522446,0.4001483497607472,0.1279180660396202,57.31952619617011
542.8250888951757,59.512180924224666,0.3745285726909051,0.00817895412362879,60.56944820741465
680.7507232377661,99.08129070063035,0.9543396373578974,0.013570192515212964,58.074393976233374
716.6693573068815,92.35436079852666,0.6252257308258191,0.7485910979326513,57.90372885273275
139.36916156089478,71.4652824695155,0.11995106672929268,0.040107942324577595,58.93318627256739
578.641947219998,89.02642184333418,0.2805301979767387,0.5927895725628083,59.37034179621277
687.1546280700454,55.21128386058959,0.2797091428145131,0.9531080624998078,59.43232144220093
801.0682101892444,82.80608972434139,0.3134077396538575,0.4968298576623531,60.27651875404574
189.1747695174504,85.57013295755445,0.26148317407955446,0.07732817315136753,57.91189628134595
21.687435489328436,54.182498989223596,0.6446587625401616,0.1437399493714524,52.04839703696238
15.78140355192943,60.8762769893437,0.44321193439679907,0.1398934804519143,51.5149442211115
389.12689632449315,51.05340600489716,0.3061246097547756,0.4446231435189434,59.85277122562847
633.0865246881526,75.10861912346549,0.4571869206327779,0.5623183952608939,59.1022748374461
302.951375836788,85.63883367105905,0.6967487615199799,0.8207918341667304,55.83056786483955
748.0498248542601,60.79801787909184,0.08111128002249779,0.4788276201668449,63.42109505645635
131.36755352396744,87.70678980260999,0.3117723241417574,0.5589837909087043,55.92099019614657
872.9500350246353,80.94457420694762,0.8183862077571573,0.19464331381252387,59.14940321154691
307.9457572372587,84.78014734115918,0.6590614883209895,0.16033195450340454,57.20444119940575
710.1579439367861,79.56277494576298,0.8319348770836044,0.7354527049759101,57.74243957561251
453.20041550362953,54.34204683611446,0.2405367063288082,0.6977947814910044,59.875071674842346
54.15260302840784,51.69327968527529,0.3173558106197487,0.00528612054877331,55.643132535854214
320.8594129589428,53.02131129040982,0.28255189206426645,0.5617667964686446,59.228131826444496
658.0256076592709,93.84306212094337,0.23963490174322288,0.5948612880465662,59.83252402334756
665.10648436774,50.74906324581043,0.7044838583630466,0.2273966226946933,59.81662408752638
4.961063837309439,66.84954926302403,0.41580151240127905,0.951494203926921,47.98377907424058
419.28633355438956,50.26504843111942,0.9795920283242021,0.03464904711342487,58.3966588680112
16.685355205402516,60.05573794903446,0.9787393879593171,0.8583903437731113,49.92356000183746
328.8353438007259,85.8682709675458,0.978848651928282,0.14945178416594285,56.56264084926904
956.9286216641851,66.03730783625437,0.10543723560522111,0.6152008075046433,62.92738903845745
202.67019619847088,73.43439277199664,0.4995237513526447,0.03193272151317328,57.25149249208932
130.93119256696286,88.43472739778106,0.3907267544741111,0.8758737653799142,54.6807036053698
143.14590182716256,64.19498778706271,0.054119056500284035,0.7142737009846203,59.28767085575956
396.2364299828123,94.57056611671939,0.6486452887813561,0.5813095390409979,56.88087591587706
763.6326674817542,73.27986870522733,0.7658834346176917,0.5440158785552409,58.636959435932624
157.74390233524127,89.16221160173754,0.23765904719724662,0.44079057932438515,57.01949837134712
248.20766529916864,61.123958307827486,0.3405353182769417,0.5089488867336793,58.110946874365666
163.9602335886725,97.42660071643327,0.7191151605449935,0.6235794598548561,54.61300483738155
394.6757051707589,67.4107440441621,0.9768944612393016,0.10459185122504921,57.55015766955327
10.777251853903522,75.97214448954527,0.25837639545245583,0.028440815689267485,50.638254537970575
725.0757910602208,99.7024791062159,0.10406686541093824,0.32310827621460225,62.13763601886521
692.9780597056074,99.8957351382344,0.35041526302108594,0.32670541504663064,59.66208953524091
704.9734102195798,73.62180059012219,0.9286445256863571,0.012807229004354603,58.853439057588474
793.0384414724915,95.62353975550452,0.46623614883799847,0.484876384324306,59.20423296704851
3.282686114231865,71.01238433080292,0.08150816466046251,0.21637878879819894,47.68722744610275
459.14572584291454,86.6336245440908,0.027195682886203,0.8827857005999638,61.64566296923421
236.8778249205136,67.76910781590911,0.8614051068850728,0.17740872023449028,56.56175550984902
340.4810032767791,88.3148533463578,0.8387670920230685,0.3948697469014948,56.5443765125682
114.99441848315223,84.26076184309672,0.538496079026419,0.5925819758930877,54.70051472712448
82.43366134775124,89.1029130278249,0.10134899855964696,0.16168146859253008,57.1771199050291
708.4782325197205,95.6257409676204,0.12337899074042791,0.18229489602765847,62.09118575634821
706.665799599449,85.28427070284805,0.6518321724136138,0.05441930549498619,59.21111747616362
299.45471876668535,73.81011555833399,0.24250913635123372,0.7757507059402264,58.00624932400201
691.3162645609386,53.89272598612773,0.7707318005598522,0.636756867903338,58.88774383823257
104.5879230507187,92.01286412370632,0.3083271198897144,0.6819008007122747,55.03413097705295
560.5831605229571,55.79471262598362,0.7804364107270505,0.3597167209709531,58.83373697052122
49.60441097895023,98.9291227061022,0.4906591046130364,0.6915454217197357,52.429520540240524
821.2777498813919,69.26310005009685,0.5644124528562635,0.8148014756061208,58.808923345743274
244.13456103400767,93.19447473992514,0.8843478630386348,0.5846259558663249,55.286456303681476
699.0900829339214,71.60497872730868,0.5423111823121118,0.34228432107039075,59.520632743401265
777.9337836001264,77.66842451500239,0.32834108939035866,0.8169001763170072,59.34188906848274
940.5307917465634,74.77371852370237,0.4770768928694249,0.7367674557931856,59.46110694025154
256.23028867746257,77.24420579904134,0.8949294414231748,0.30263645151248153,56.21737795775068
151.60999701564992,91.63004362616938,0.2008311052058902,0.07865499412229471,57.6922379112397
529.2737973026276,72.28695733717913,0.08562477236551791,0.1042004478862697,62.80421347614758
232.7733756501757,76.32021960742802,0.9558569449896843,0.2617266486012326,55.959423779155124
493.9280856538744,77.91872783366226,0.1032225065258563,0.0697875357792761,62.17227253425722
596.3266356600395,54.82864105857852,0.2603473958640723,0.36539709924200436,61.13312525376995
488.40461264658484,83.17038721263314,0.5759642925304371,0.13302523091058105,58.58521116768658
81.97132836334595,77.61851650581862,0.6690520274246523,0.7951061583285788,53.36317604101333
896.6820699490968,97.98712701400886,0.7029622773286335,0.45579858949885477,58.686053860555674
475.84824354706416,56.13959105001249,0.6772042592135106,0.08771041355695286,59.11577591075749
215.0341410949418,73.1681335908819,0.2520333587954866,0.6366102549595554,57.63596745839131
552.1833748366055,99.48970246246485,0.4885666527747907,0.8414835183507781,57.31445289702417
948.90386551185,97.66973807173056,0.30040117945062095,0.8433513128448116,59.32096907835826
742.5342344828275,73.04922396853264,0.2572823823150221,0.1144802603161692,61.44749341508464
498.96956310166934,97.68396200544439,0.15381504363725118,0.3249184843034578,60.553612576145454
909.9054348522741,94.42219552426423,0.19557971060417279,0.462458303085473,61.26639759322782
870.9652885004434,78.13872686315908,0.014913869305585914,0.6473364373974209,65.8440477391965
267.9468849008549,89.538961790631,0.13670385270340213,0.07681762329537167,59.84263338835828
863.4312570936822,91.43400606498506,0.9832365928339528,0.19713654442691442,58.48683832996778
314.1742898392099,50.52818268957385,0.0066163324362991105,0.37350106434082253,65.72796619711258
926.9608287426461,55.64264046098661,0.541462300700351,0.2688060434708144,60.81759021856978
116.02194552703509,70.26275342171449,0.37451089413468264,0.470202152177033,55.96596553621933
329.17970232532366,56.43679565665415,0.625014588653533,0.9938656402578188,56.51853845356722
765.0288303083362,96.03808895952879,0.8111330559132528,0.3161878831358975,58.33056022339747
399.62009334455524,95.02556132508666,0.33978449330822524,0.22788104527903474,58.740550409075965
318.9124485118159,90.5759423934878,0.06323236202714333,0.2643966099078161,61.354061549446726
858.3501879042478,80.45106539890413,0.7973448061558783,0.878480588381134,57.81986222393524
709.0091926610162,97.85920922063136,0.8854704432555165,0.5759751795940091,57.51403247519576
937.0583311581199,89.89942140775526,0.36644235378813916,0.8889102508926217,58.96005978449754
639.7958421013193,85.81357018584725,0.766618359623553,0.2951127604828556,58.323952780156006
249.0202443353994,77.1683666003339,0.9472584814458307,0.2013635440084347,56.17838212762524
697.7782854630145,63.085136379043384,0.8843038542379931,0.3397340683354846,58.835040378732366
15.598388976578917,51.33652928972291,0.22620410164685456,0.2307796881823121,52.60761624887172
289.3998315818585,55.37006505877615,0.9150604929961419,0.49025001891092534,56.88715087474027
403.7686219581892,54.9761255419432,0.8017820948367906,0.17124459313062657,58.35304468683455
457.42515468726174,93.13657125471063,0.20547653359345097,0.06676002458664954,60.30032501445544
786.6645778706388,77.29559045696998,0.7510753515367778,0.8429731726134295,57.92012731745419
368.6389807635617,51.50091809738516,0.4191502588444913,0.059140460135593376,59.70947327903963
137.15378599614837,56.37683566017338,0.9191868709457025,0.4557298745330829,55.25584494397705
741.9283692231927,93.69536434286978,0.3113924455202912,0.4559288772650103,59.93713128745634
622.1735699086933,79.41452090732113,0.7053206597492381,0.2533002144189258,58.656682969326866
443.6140556334715,87.81763500163707,0.44488461416759484,0.5636268835505285,58.021805489973545
236.45888704381628,93.28909841382618,0.6123393241313335,0.05595551997408266,56.668274302259796
815.6320590605567,56.58415903175248,0.009945579286482431,0.3496599848987312,67.78916798271193
720.3179855167023,84.56205225485601,0.6354668750459618,0.7675880164939533,58.02691265219873
685.5073330766461,84.84160503629113,0.459252623303136,0.5579886148168809,59.01488187566656
809.7692138432024,58.08263211406859,0.08503437361359034,0.8441064607824342,62.201656697372215
573.6444988901164,76.94594702849456,0.2969275958425608,0.4054172695567866,59.978512373893935
999.1885654956802,76.38922502272916,0.24255892635662502,0.5871012009750711,61.21371057150593
274.8386514536937,87.06744034331344,0.8245516120904908,0.054797366676448966,56.58016843821288
497.99878457059594,98.01888556146211,0.802384968862075,0.34699817610561046,57.31479869138529
546.6568546449878,51.62324018695982,0.4210544749987415,0.5888594726668139,59.68397109292542
366.0211272583333,61.504963772151896,0.657508264999491,0.7519428983128815,57.23310417617208
252.5954783622269,95.68838812576463,0.8298583116607448,0.10554053914108841,56.11473176832953
465.64063492557216,64.6743122410857,0.5809888512271268,0.6082797920059373,58.20504217560105
479.22218535996944,55.76629553074963,0.11647215409115397,0.883783938241758,60.348173124592435
120.4220263506254,99.84477149574855,0.6251181925070128,0.2976011927714617,54.6408004328658
502.354641436282,73.64187441092542,0.059275136507627835,0.2969358608419521,63.007727808011836
914.8289939402248,66.91921625062584,0.17314278417581597,0.2619843931071568,62.66672680257773
235.18086858761285,57.973505556960326,0.7946578140542107,0.11983094590432786,57.10976336317393
396.20842882250577,89.2296515835729,0.16112884618440493,0.8007971215993437,58.80848877865208
886.9049558505069,74.65403211285823,0.6874852942387821,0.3376991826133815,59.49693739246523
10.117562683690267,68.27138580196312,0.0639669300844754,0.690021024255806,51.5977438620581
207.79474989461255,76.69645188922448,0.6427054850337917,0.1935386426212402,56.538743727327514
308.2665544100089,96.43514501481538,0.16286533404882553,0.3489030564898967,59.29253970210971
636.4599585029098,82.98529901762438,0.3707213751083325,0.9532503323654913,57.98469167303275
18.048653745257297,94.41656363321637,0.5662656805555211,0.4345433745097149,50.34259913854857
775.9066942629165,69.06363782517782,0.8637221362135599,0.5903603797769532,58.4853403407637
907.2993099493126,67.27645460005618,0.4463748289642384,0.5318178785535241,60.250109532706645
951.2973221468067,91.07959216258394,0.4326594277259428,0.8496895173783383,58.854859076183594
532.1743385870452,52.62948812457159,0.15585981841624919,0.7189776283664853,61.00643791731285
995.8366840010494,53.64032843873214,0.9084672893130936,0.2503166085982167,60.0451181653131
460.2244498769892,67.19502934284452,0.2096379776176096,0.65443602967054,59.828678334890085
892.3125232718792,58.41242015603988,0.46689388600871173,0.8887182076290245,59.41135384034433
814.0791662393992,76.64740472896418,0.9456508932809262,0.4364334109833694,58.46696443263663
832.2213462506691,85.34105073881015,0.47835380369314673,0.6431675180427929,59.153277395151974
485.6584936032373,75.89616401950063,0.5632154807179659,0.885481336753247,57.25014271232383
851.0584708362419,55.26296880936693,0.9254285357982597,0.31936730536554747,59.49894614175153
36.807601386071156,56.262243117230426,0.9606403526360818,0.18270756749400174,52.55749184526783
484.1927380902398,93.83810550102584,0.11966885112897585,0.14041031224158895,61.34578798221182
593.4082908604032,75.31605618178651,0.283416762647833,0.2829365396804311,60.41456204097358
720.9210921898011,73.112036843555,0.7067095456701342,0.7617744736333503,58.176998553808055
651.7905229638277,65.39194161342576,0.9455741570072513,0.6019471889748773,58.0354232343165
487.8680990925286,69.15796095501561,0.6621950536370711,0.2193660756684761,58.58931964739902
749.1977388055286,88.09818957001728,0.42475326741779096,0.1503835948130856,60.007777453383284
953.2187955661905,50.315030364741745,0.03768761077738425,0.14030754079292307,66.5036150321332
15.295636831758088,61.50492076657588,0.4252596061585028,0.5333476513729636,51.16133001188857
809.9083665234459,50.53364356011565,0.5152701981227419,0.10140668744931469,61.068482360027204
750.8419362105726,54.87323636542551,0.8328074684879865,0.3655687007978383,59.37681851744861
570.3483548765071,58.735486779915014,0.7273874514335898,0.6837911123140201,58.283349106061905
150.90559720079932,83.94398929865396,0.7343692861608557,0.21475843272983508,55.34024894701929
659.4947436249822,56.629985057116905,0.026489654752057223,0.956515405013096,62.53349376312448
0.15688164412927108,55.92751426489977,0.4241246240978982,0.7564935901186916,39.857596813671336
489.8494603537117,85.66557263532195,0.2874405950892527,0.49756071564027926,59.25938619783601
777.3832923308908,70.16772571192892,0.6260674013923035,0.23707752966609497,59.68090535731032
755.61484168979,89.99991920620904,0.05832685948262539,0.9960280581317209,60.15827978688523
574.8342499821883,57.555300554322464,0.35421418553737993,0.6804975265957443,59.63979772875328
577.0757032575711,59.63948298188597,0.40939192372611477,0.875228101561814,58.68209669536954
122.6635006812769,68.74041423276111,0.5903124485700639,0.23626279186577537,55.67733879172582
935.2603247573004,72.24896465273423,0.27439348980330425,0.4246310453244131,61.33297095127736
372.8954046039057,89.29021139352632,0.6204307719083713,0.48034482072618845,57.1474880474267
744.665275941986,65.61171074457766,0.3726272596198774,0.3714617886847922,60.53593348831831
863.671328913824,74.34224175744384,0.9561192018936997,0.28245447473489427,58.87592822440987
903.1881352543896,80.99045806816184,0.018731984620731224,0.004325900394227533,66.72664642004763
33.44198984755644,59.312158450984995,0.0907590407618395,0.5246051233173934,55.26748710524476
297.3437680337106,62.03046495092396,0.5404150607843128,0.6270531434553048,57.39732656776517
726.6068815784097,93.48189480788243,0.1994235925773129,0.5631382993527145,60.49406829202455
260.3389252002378,77.34285283925865,0.5617301447694962,0.476944242157598,56.851607935435766
704.7197749343507,54.35627991104571,0.5128618324897678,0.13903070371116955,60.55629707717168
94.11620528826961,62.467323201503596,0.28492662871255536,0.19771620141296764,56.59644135995415
35.60270540964484,68.75289926873921,0.47226025800428983,0.563043784160487,52.73908337856034
485.6490743676136,56.13724546041951,0.6091045644306949,0.049438378873444266,59.42093229364953
775.7326324081066,68.27591150756372,0.16305105204016224,0.14610597907156375,62.549207077548374
722.8477230906808,63.201630723742284,0.932224947331719,0.5171918180290291,58.51672450697302
111.66809180111227,71.36642534424334,0.1847751595376954,0.918825392436887,55.68745209736933
892.4433295079953,89.10205648456603,0.3656200365696076,0.21038985363681229,60.588205713776546
528.5730623231052,86.5076167848912,0.26552559942956666,0.7073530923270206,59.00340806373754
834.7391777514449,73.01970329530513,0.5053316175825466,0.9477737690771708,58.42502337238277
146.4595388814057,74.57000695844283,0.9866754561715236,0.9795607749495654,53.642832403393015
674.9637540184992,96.92847386054946,0.7267825809468971,0.6040765394127479,57.737539660607176
884.8730939070924,77.89410610559713,0.38957261686499023,0.5534798387632305,60.08662278452715
661.9540105300225,75.27315830127367,0.39317046356930985,0.37679327121903095,59.85904726868877
124.67474077103202,59.15715675491978,0.4979255868884558,0.9541304639271977,54.82737465964594
487.20746232772376,80.62609226427799,0.6549246556641954,0.7848969520609064,57.18531254080333
754.6815706812006,85.9583073261742,0.09244325816655108,0.9989847556366123,59.70106546845605
13.425534485810772,74.95352689756136,0.532239779072122,0.29054725028171613,50.32120079545551
987.3530246226107,78.54076756331732,0.42111606078482433,0.3157217082943362,60.634045313837376
68.07114148545816,56.30885612380499,0.5400659500742573,0.7234455011598948,54.14376512629009
143.67693314668395,66.07573301450812,0.9436616127025548,0.29740166939069357,55.180824339457885
240.34567056530545,83.64258963314577,0.5731851832149868,0.5250964186206186,56.378302280331496
340.14576163528477,75.34953548022034,0.7310617181811307,0.6464619228295225,56.69027383357076
982.0603440448251,66.86720399646373,0.7556348908439021,0.6003266046594165,59.2971166687537
386.4816056241166,97.24430390638771,0.23255447039295118,0.6590539307423611,58.43082759996585
911.7420502437415,70.53990520364138,0.7786712049084485,0.8557224282670817,58.34006462945744
570.7040761370474,73.03867348345071,0.8881593234578016,0.697815977357054,57.425714831809024
576.2494824237733,78.51156236831474,0.40821060092191086,0.568365652027139,58.9954815618122
589.5745383235103,53.58310835500954,0.7435026591458043,0.5257084830846737,58.841445028089325
448.9758974012518,72.35051949063602,0.8117998989459332,0.7917060371413529,56.865928425903014
848.9012441149587,82.32109416705762,0.19644694892817616,0.14181193483133891,61.99109062705547
912.7410305826822,92.96532222945012,0.5352403336549123,0.4191212273054261,59.43633497830538
249.91660191228084,88.3868984403162,0.8701305646506268,0.43669220147302523,55.72822665780295
643.0115080874975,69.92473167587148,0.23050705329200594,0.3971912450821471,60.95053366310697
131.9204813925719,96.68649744938293,0.7368372628909066,0.03748972032814524,54.92268719877984
105.94540842580727,57.867262359853854,0.9061730604590468,0.7032413623049534,54.25658272449847
257.15479189162716,70.37665336982214,0.37453133552154005,0.9862623205712009,56.22664866629749
94.22059138125041,87.06509523402273,0.7998424471681986,0.651770944255988,53.4151090411283
927.3758663429294,75.89841652240017,0.41008697973137553,0.9788747916914406,58.71792356572715
889.4475834220493,53.94854944616972,0.5623570627939227,0.5346673727896982,60.23977531149377
607.1354212833571,61.0738712640296,0.4085972448684754,0.968245594978969,58.33980249294164
133.42347130924531,79.64679110766421,0.6620695783052857,0.13466799500218118,55.46241619371661
349.3648668797032,76.24324497991212,0.8148702602673932,0.7296638915197833,56.3522364126691
207.92498938696644,76.33300630038336,0.7041312139276774,0.358108153179882,56.15199229929776
997.3205694935048,62.528934029432605,0.9281224766521179,0.49363331028636037,59.29110347136901
34.49822690229598,79.82259072324213,0.03816810506475421,0.2543341916255544,55.8327243708992
600.8731699257175,51.208614656327946,0.3703999491875598,0.859264095843201,59.321901198886536
292.2437391984074,55.185159385684535,0.3991948735905271,0.886388436995964,57.37329808176958
213.73590819348306,50.12995054410495,0.6102282890713882,0.3586477812499387,57.392968960503374
903.650092319793,77.08342249306305,0.5919771164230243,0.0027415677742017586,60.24062904960441
127.58828582269166,93.09819952765999,0.7550665146796729,0.13909709277189974,54.77225349251211
677.4158591516916,68.77717515915926,0.5344339104826028,0.7527818003562878,58.68228474820235
831.533231028244,87.05505848647256,0.028418114084722612,0.42020777135814846,64.98413151367451
342.61909108952614,77.17267567995108,0.37901452810749947,0.800418372986569,57.379475764364535
215.57987010535157,67.80529331998373,0.9684694540604335,0.7569744799863369,55.21826541416615
662.228852744337,71.76347187545679,0.5099481494449958,0.7057062350972267,58.751809210205785
993.9971854377495,91.54719132692047,0.8507709634985152,0.07842162890583082,59.2411942075629
591.6763995712188,86.87733751979275,0.16489961550127297,0.4893094589193092,60.72944743376523
495.92114413860986,54.69531738020568,0.4366973894551458,0.8403160771762799,58.5664149576302
94.13216193565268,69.43826939563395,0.07207182506775145,0.5331944971395985,58.0644360514328
81.39696111009584,59.86534325542312,0.7200326181280126,0.7371645562734395,53.92019545841148
660.2640289654385,98.16001851024055,0.9170932404742438,0.12433127636263341,57.97580204236152
489.86329336010044,74.83860699042893,0.9041204954368363,0.5543008528453519,57.293351310834666
433.7650434904981,75.52694034080059,0.694952454318829,0.9010594855781286,56.64270549569793
548.6017290660491,61.32027866650359,0.32525576848936666,0.5931146504054094,59.78549511523943
809.7426699335251,65.75969105022482,0.5188623938094923,0.5458661262285354,59.73221449651331
151.49488053262894,53.4251186176567,0.6721690153604751,0.770204983532141,55.548136982321914
202.50822300988148,98.42950271199817,0.5413965518443711,0.9324477240401967,54.71042421759921
286.2387549031878,92.27161593262332,0.16114946448900191,0.30057475485713736,59.314676632134734
208.07409830664983,56.16710155109822,0.442228192022315,0.23335933668380404,57.87084032843972
908.1073355039796,98.67198480488587,0.3768857406797337,0.8299348597653444,58.880748875606926
559.9112053131789,76.64889023227786,0.12327327518489772,0.20051788019134698,61.98612777789373
796.4064073513302,68.54023393363107,0.6639767771653429,0.26222791652672806,59.63070405199585
939.0302992401616,78.3325845991457,0.7610385825952859,0.04409881434654661,59.72496848826124
233.27502607112933,70.02814036787112,0.6750249993121114,0.39779714109651887,56.61438254824968
871.6920721477275,72.39648100954793,0.303750257204636,0.2215010590124673,61.33894616784326
768.0485394531306,83.57669197499034,0.34634038130495504,0.5992979731376427,59.730146909770454
451.2256615009503,85.35516464907109,0.6215520927228466,0.8163784949161748,56.89500496528872
489.1919936126444,53.02367286274852,0.43266975186902323,0.20917326082108767,60.02523041277058
96.47424848655692,79.33484735895156,0.3484604855904394,0.7269298875952208,54.861815129753126
729.4834296488943,53.25850978619388,0.2173756361134167,0.19804941361353268,62.300090874612295
117.71547896233005,54.45064055558366,0.7572764873048765,0.4778152001954179,55.30504611033275
66.52711961781642,65.70192727795495,0.461854791570824,0.5098425423330812,54.402597832391336
420.3778531287944,90.78895774605978,0.2411631706678632,0.23805014661112844,59.60128915694864
357.35453424850766,85.82868732708823,0.5120584643104467,0.909551174447017,56.384936360554235
546.1584886509052,74.27948663031583,0.35965481767094043,0.12800157779854304,60.02463660822117
667.2034013126092,70.76988075202144,0.1872794214988618,0.938683082359981,59.486229746834184
954.1606292866686,50.71690732093682,0.013674562765882525,0.5638119973273665,67.4406125771586
498.58292678708517,87.28770217989552,0.5377725159610409,0.008812651900417245,58.82057190120391
764.9556494367489,88.46759032914672,0.6450444883089694,0.7170195784272995,58.165808002098125
704.105497993168,77.2319108173264,0.9030101498497236,0.040587471069272185,58.77164280286044
62.09234841544253,56.6790069683082,0.580954339974084,0.9571683305912344,53.24223531360779
656.169399578114,89.30247003640952,0.28918906027025004,0.2533539283905053,60.283719911415375
291.79014655055335,95.09490243268824,0.3142511311777012,0.4916421660766248,57.70244528492185
136.68866714385013,79.55158122234543,0.0334321098252508,0.324061212969297,60.243457949992944
238.64455742317023,78.31717640820429,0.7356380512204814,0.5549528904160204,55.99860351219604
527.2512178379138,81.56881073381415,0.18602213060773054,0.6915319856035218,59.81332274653303
928.7357403003605,51.638800989902755,0.2284513347593038,0.7602093302876229,61.45849098554409
738.3821770996067,58.59861025150443,0.5123516293032127,0.6639004063909859,59.52981173702243
381.18527340412743,93.97370180525193,0.2311289079924712,0.382890861622726,59.13020133836281
301.43723534537776,59.13066058316856,0.0030760613345057752,0.20048583209013549,66.03411940059989
294.84987646774675,51.302369128288184,0.5002193805507016,0.46633498784758776,58.25527134414052
821.0273287695004,96.03502026779063,0.3634040657698552,0.02146601870454745,60.517474271213615
235.89488023875265,84.21487115338235,0.5252087064839628,0.44447966905864145,56.6272603295496
995.3608904236326,85.56668866814717,0.7973282097058658,0.7572397539023554,58.335331749076566
621.211719444289,51.17741480684068,0.4180668760196613,0.14299712162470546,60.80639172711
611.8457557840254,57.68488269485209,0.9392774489268298,0.3486758371160015,58.60936956474407
787.7328093788701,69.06814072905973,0.5093006001754214,0.2512363092099694,60.135400641494044
168.62750966774684,60.325575715342495,0.23128576838377746,0.6018709070866197,57.732027727242
337.73423659303785,51.898897243208886,0.7073680657146129,0.9956819964713535,56.580230180966716
565.1684328386509,50.35522585680098,0.4183684404738728,0.9406415588149457,58.69994140470265
465.141217840423,63.82775709958579,0.806371744651128,0.3914937669723042,58.01730821818371
624.8019874564204,50.452689764270886,0.9396951588867355,0.9349206822297342,57.73196764494335
200.71508352820365,79.9829058204177,0.5925913639367071,0.22912467266846548,56.47604085529781
807.3989022362637,50.32785171344909,0.5129709456995597,0.3257357549001092,60.743881405658314
430.62968908139146,99.75741331886356,0.33803788986269434,0.2139529646406506,58.83748900751477
995.4043026622126,54.70531446339818,0.9334981231122408,0.0396355916166824,60.218756729397356
87.76956372580275,94.6428928629493,0.06007394649142617,0.3877797916030177,57.70662122323252
292.3448083888993,98.71466676721296,0.4221652707426258,0.6252465048859022,56.795146636489015
927.8777123373466,65.26695274184803,0.1463376332649362,0.03448572101372882,63.43885523748875
18.464519462778867,53.296229501561335,0.5017093563287243,0.9723453141870648,51.00876315106292
795.877677783652,57.20448742255733,0.8898522181667099,0.8963767352100023,58.171751524748565
491.86884761658575,82.73127185038322,0.29909773653749094,0.8471480468109327,58.235516654589084
172.66843280054036,98.71261303790546,0.7528835097110698,0.12949564621548593,55.34886371244199
250.9510930007964,74.6403867906456,0.31630822632467326,0.107088720951801,58.49053645914487
51.951919822335185,80.17940957073053,0.15289734504702457,0.6609492934779704,54.82123667033336
535.4472486077398,91.25212402518487,0.10505921582227451,0.6036809287002616,60.92960022917231
829.1054925647009,97.09556148917636,0.026723885788764168,0.2972211288032458,65.09186263133037
909.0315702462985,70.0549422363872,0.8177675251203029,0.4136522212846674,59.22369620865513
236.46670832460154,80.25378359823071,0.9680693104094098,0.21684558041798985,55.91747391496248
344.7121848294705,88.37362658997705,0.5180586507196316,0.48347811025174026,57.32646721643562
17.95208844251931,90.4079078007501,0.8144095151665984,0.539517216805597,49.81360126866378
418.8648032976064,83.32819551965338,0.9265811744272854,0.46651016597227546,56.82340262505469
677.6041270542696,70.70315420258049,0.44520590819460826,0.4147690086028295,59.73573445895083
997.5544531759747,51.60042427693754,0.5892472565599309,0.8311414203625078,59.74613169558954
469.12717720727665,71.36228170652763,0.48701183430830963,0.26436106988843044,58.97097421651566
639.2116418927458,91.40239964543615,0.7528353029468224,0.4131263990756071,58.03463428846833
959.7937212245906,57.49711928163078,0.34700254022909793,0.2336969148995114,61.77093911264306
584.5016317160519,86.26702845219289,0.5645028326528398,0.3779425458236845,58.57975177050288
251.71817219181094,56.607908436441804,0.4049001783865793,0.09278466256149365,58.64745460187582
618.3255416921786,74.36228857812426,0.45574986141823803,0.9027657260677742,58.07795659487304
896.1180374178405,82.84365296146674,0.8455957554931075,0.07296428372106933,59.24825708139913
279.90869753248694,67.73657610541628,0.4386169761354939,0.5478827301979421,57.61791219376177
143.4800643519211,92.70373820420616,0.19005982511079722,0.6496716281007608,56.63630052459947
902.2320516697187,63.14691227322765,0.20414314862881322,0.8368690587648386,60.82672226050525
372.58574825125424,58.86242277171972,0.6846560195014484,0.9161629379220777,56.83424863473056
700.2587961619943,74.56931792959229,0.24968402141362578,0.28064989587669786,61.066256173346005
845.3102011092433,64.56376496441857,0.0773778122577764,0.34957246921048,63.95869238092463
778.1244945274773,52.85108602362606,0.6985809358570285,0.4318183735230452,59.76964836460132
560.646007323576,54.116715965562356,0.9332450708941231,0.29955375173644305,58.640236002857876
46.06108802742165,78.00151532389899,0.4940625012155204,0.355201977277833,53.276454118681656
463.79841718287867,66.76069753453612,0.9228620819968791,0.5773220040602438,57.34252456598047
512.0834388728015,98.39824415808408,0.3511293561253508,0.3417074991491029,58.98107642116447
647.4492343537759,83.74409686468778,0.4200868803017117,0.6728952492616258,58.80178514380973
448.67324585577444,72.28962837876897,0.806161638643011,0.8833415135458673,56.632823539456616
701.9167830783201,87.75074485377573,0.27847473999257244,0.15482039195272557,60.70421312858586
175.97983392649508,73.139561935609,0.18220655968561195,0.8999529644949171,56.75880790195752
709.973999145722,72.25500644933587,0.8153763794491602,0.6660743301605909,58.14367797497178
454.68013576572093,62.70626888798038,0.576812215891157,0.45798947613755536,58.53243356704748
829.9509349030509,69.29944220014261,0.3835113186486032,0.3766519449161474,60.59408782809258
831.3767976493493,55.08528701700687,0.4395245472432803,0.3838121667880807,60.81584312326419
66.34838911665906,90.78049545992268,0.23923099814733972,0.042276240930837705,55.359481724303436
842.5162949324549,97.57164114162946,0.7888490376633095,0.8526849518512245,57.453531857975904
328.2591866735961,85.85632112864025,0.03325121372119,0.49915719702583394,62.19539994715474
662.3691143416984,50.2421662071898,0.004930383152760731,0.146453806127129,68.64492310960058
73.57466082995461,81.7681441474774,0.8369866540778423,0.9263662705745113,52.385980884732355
432.64535066521694,58.76506367379816,0.599112297809715,0.12488195026072058,58.99918000017956
358.51322837652924,97.22508624716394,0.7290309204606531,0.43648438282345414,56.648474278753575
685.1911611093014,59.19642401155638,0.9527543043657813,0.9697651189671601,57.45454417368567
905.3592482396748,81.75325241480513,0.7170001279363643,0.5567164735168764,58.87083597526492
507.0009482757664,97.62650834794447,0.8774717506395746,0.5543308693915376,56.84646476269863
149.4106777355173,54.8374186584659,0.16182137306125588,0.4922502609877921,58.515197923111664
680.2000035211634,94.57346687535787,0.9593823382836741,0.6199489344877873,57.265327799093136
949.3607311546386,80.17115297413784,0.36184348893000395,0.3719291760912282,60.701483566568584
923.0483746642906,59.271495695074975,0.7178708545501069,0.12184509490386719,60.31292003281666
964.4430719471459,61.467058608984026,0.4763101871953688,0.7003865069872459,60.04711160458584
467.19155730478406,95.32935294687019,0.6625933049734194,0.4600060856537036,57.41638598973549
743.6894945088393,80.93958491027841,0.2934730003101127,0.5236681723877756,60.224148011365855
435.3913154696752,77.99928666780315,0.12232143632950132,0.503566980006166,60.77642772273917
667.509960846827,92.98736693514175,0.49022813348462657,0.4538026637499717,58.84753076381059
800.6829493077068,83.68373523465907,0.9952225379977435,0.4291138837555053,58.15290261029303
797.6112777306009,76.17189124259902,0.4264223414688668,0.374769440167136,60.09536647063166
307.76019085935445,77.64914507258902,0.3440457591440036,0.3256466565175091,58.40084791274977
422.9470622338031,70.00062307531587,0.040345783754558884,0.5701299694294826,62.7715363430727
32.87524142283928,51.764916749960655,0.01971797769265815,0.18622962892934058,57.05946274732972
84.54235641698119,71.25576608901292,0.5478341759795087,0.5727574049749375,54.381890551594395
117.88303280257514,84.98373880159949,0.8479763562895439,0.7594133875837665,53.64943301300994
207.58218051053473,95.28820260540051,0.5181220170411427,0.05515630185748188,56.64485267916231
719.5179785559321,89.8551734356702,0.20026761322360453,0.8914634465802023,59.316145224140854
524.8403368213724,51.47470291864488,0.9844846907504203,0.24947185357763302,58.56763745313611
151.1486487300458,76.54981760127114,0.9574683294796438,0.794515686166015,54.13788718944466
387.20883857558533,84.9764176437952,0.9471525829603269,0.2320184936954801,56.90793907351552
292.58854423790467,50.276007098522044,0.45533472231374406,0.38466496622601687,58.60164400115107
126.72821486131488,98.91531413362443,0.272633387317218,0.1374269233392773,56.47697775865631
838.456581741907,78.82979112224592,0.7416269793779635,0.05967183770535711,59.49347874890893
670.1985207242974,81.38624062826665,0.17624844164032782,0.5756406155108076,60.81088308246352
428.34748715646265,82.97799072787691,0.6842676888219643,0.8554415496362942,56.57467295899232
568.5553112562186,95.75066726127737,0.44063357372199263,0.5447578984496826,58.44443974258172
471.4439880934806,88.32364818465646,0.4505462693687212,0.9464530218451945,56.95853028953698
741.0349575507644,70.3416764506751,0.34768345997369576,0.4468735555574692,60.36277293189646
374.3997650370702,99.37124591604486,0.3417381131226309,0.6686996317320948,57.598574121023
34.57567573579422,75.16327731515577,0.002203525084204516,0.492674514737387,57.20035381561161
720.0417562568582,84.0893668855216,0.5614364336858788,0.990804518192383,57.469775891438964
127.64403420035728,80.6843971945366,0.17039308096963168,0.7482167290455666,56.55186342617105
781.5256208131641,55.550192020607106,0.7033729491348855,0.18920473544198124,60.03492876788397
255.68905143967618,94.59818254146523,0.35020921974150165,0.6513593939879827,56.855404646586294
443.2505444875969,54.80937951241829,0.021365192785128162,0.3139700767172646,65.0382427242673
408.94911903334787,85.05068980359074,0.9712869317215502,0.14130821571913565,57.09160783342774
97.53544177489243,52.97241305601581,0.3357002217483427,0.6384109126330626,56.035102828616616
923.7104951810827,74.86462535391942,0.09932852940945014,0.8014656411542822,61.92192443901732
948.5468570826035,80.26618162225458,0.8166425561809751,0.15776756181501317,59.40499633729689
468.1653860645099,83.6388175764348,0.879690932733812,0.0964101686464991,57.679755878182746
781.5086758696184,77.16644291327636,0.8327750394641653,0.38337786916335737,58.696195511444735
276.8788687769329,51.47978418292165,0.11006297217518468,0.529535170299156,60.73247445596296
402.38250433974076,84.8028077963252,0.8419862937084459,0.7071461792128511,56.41964723883661
462.98712093956283,58.89957660049415,0.0713155474644398,0.6627172123940006,62.05209079751269
305.252189081021,57.50951876649324,0.3391204739382272,0.9317641686427711,57.42883600778707
437.2899677258181,77.43962044925308,0.4908153177016188,0.2765655500889015,58.60135989270684
413.54228505446645,63.8636359682056,0.4856948056139898,0.7537793576696141,57.928376910282935
647.7982276327236,77.43255385563744,0.44819210819847877,0.6620471683781428,58.88449755948923
89.17526929173073,88.11750167017608,0.012286408350008715,0.49057680319355423,59.65513517157291
314.9504108736819,98.54588863283828,0.6465779530098945,0.7365541747770485,55.950092921128046
141.67979549678398,62.01428220326455,0.37934920367852154,0.8937620906575834,55.602048560667114
634.9495452502883,96.7177036956548,0.8895752831379224,0.29729971104509834,57.75066860858352
115.3057191313801,91.55292747988254,0.22257432822864542,0.0610679847051403,56.851349924566975
160.88520117680378,68.50101978933833,0.4265817068165765,0.9101174546543851,55.42948852642284
180.34628313101257,77.28840599271842,0.3996739705675214,0.08327977086745109,57.2281156064719
63.21596342118028,95.75089732448103,0.9054748010537441,0.8235896088313615,51.8368168302446
673.797366913301,83.13770289411956,0.6227462821808947,0.6131120794023328,58.33237290819283
426.5135450584289,96.04524607173944,0.6492336667453547,0.37108617685125966,57.38757117635154
208.7521128849603,73.35487893843138,0.7921686145443292,0.6948394882369973,55.44653218960132
647.4360197251108,98.40742928352937,0.9854252741313299,0.30566603476313503,57.54199299526648
697.8848665940557,97.6446685916684,0.4563922522483308,0.2109870286145097,59.39231961735726
39.202887696442076,99.99548986698221,0.8835304359985119,0.10439739667639536,51.661118297595515
649.0103079019643,65.99751382430952,0.12286367460274339,0.5847877719172829,61.843469907714535
974.6731088956069,98.57396449059142,0.3397958766101772,0.4499401835351946,60.280965880464066
171.3753576620295,53.94328400439642,0.308062309706858,0.7394334318449072,57.15716488507774
315.8893307289336,80.79940353211714,0.9054485327343624,0.8108857884152982,55.64476712427749
191.65741574749563,64.87395134323577,0.08780325577494308,0.955536807514852,57.845098015314875
689.1369390236046,88.90293973186927,0.9986605982351806,0.8030539777443253,56.962467453100636
741.9752638928562,56.852402107624165,0.7047983720392386,0.2670858866265726,59.753821384499616
877.8490150604352,78.1146390490204,0.2468986873341068,0.6645609437446511,60.620313567221245
489.73967240316506,79.29561969038123,0.1279226517484644,0.7415893217903027,60.19103227442366
736.0971860875404,99.37721907882455,0.4514974612888045,0.4480331215738733,59.09031701829822
856.3866664176765,96.063729316037,0.1289591510923378,0.43495900894140194,61.95980935090921
654.8663911795879,76.33888588027366,0.30267912621953275,0.8272187846886012,59.09786646477217
299.1522598916624,90.02600514211832,0.3170412547125476,0.23577040328607946,58.310740680454636
249.99257936338108,51.941745815099196,0.76780539132253,0.17065396845201364,57.49026071957402
558.4426927175616,54.182870912183404,0.38114403814762166,0.212449336713465,60.52298508385749
996.7617363688164,92.60895003233351,0.8178603203208228,0.3860385795442056,58.86485482969243
160.38460677076046,87.48361419045453,0.1467319836270906,0.96987578345204,56.03051161961265
744.7492121947009,62.67341163863409,0.8210145529623587,0.4576480696995928,58.9465789871388
204.6433308547662,88.93654428409707,0.4103545449614503,0.08059084842454611,57.1734888297481
254.1222277317629,51.46879787736467,0.41336083018101766,0.3725239502281803,58.43252144629602
453.4782601183301,80.8086294230697,0.17659736313575003,0.8449488498680613,58.969790312355286
370.98231474611816,96.52884180253024,0.8313889566027439,0.26632690639222534,56.74484712415194
705.0422682929755,88.37718683513599,0.46705203837292797,0.31010731543645154,59.42996699604333
193.30089557811084,88.22930681675557,0.2259130795340567,0.967106910641294,55.884706753366615
574.6321586598426,88.89984314896056,0.338266079732537,0.5374626247371539,59.14207959968503
773.2931014884655,75.07411904941699,0.5252604801656122,0.5818619037085353,59.24142142444484
211.63687088394045,61.35581498981533,0.44091520716548627,0.4038852999858624,57.461722354849165
526.8810685079657,85.70612048749575,0.05595731345320609,0.6297509265468408,62.09775914246106
314.3025048247064,71.96486110090352,0.9610844133331162,0.9156347756268877,55.52609563015736
290.344413375635,63.67607856840066,0.8203223419907371,0.7517615669951858,56.28300991912135
239.8173790327496,78.44130544464173,0.004190770115138909,0.8179032775330768,63.53220388683991
72.85112230799064,97.77637158921277,0.8448797243656134,0.9158440243626265,51.98929389332285
338.3496172162727,74.80489313855338,0.4241601375332953,0.6858193466328038,57.563444211191324
632.7292591988762,56.28539104778344,0.5714192876112736,0.9699491011826258,58.129385677607324
510.81389032230527,52.00665573195806,0.09597729401023436,0.44168148179537514,62.629231951881025
6.870494655107905,66.79030492023102,0.22886486335514444,0.8258955637526366,49.40306823611465
572.1401400840689,60.726584804220316,0.38285604752113467,0.40357528826239397,60.00011347551509
224.4851139846969,97.09448072491284,0.947380990465619,0.2146793933229434,55.432526097175625
186.25502379426052,55.61588641427054,0.9639995633602683,0.3479780662886762,56.02399565225262
898.8077661587924,91.25321841980988,0.5862736386546876,0.752563648487514,58.52304802080985
625.6680255874949,82.16236269553991,0.029082670784082554,0.9206244058313586,61.97110607501615
174.30211807561204,73.48728062745894,0.29278573275486086,0.28627427804325856,57.5587648016338
527.914758611345,77.20711475652453,0.4636846886334054,0.7380591242348857,58.175076085701356
731.8490701460696,62.453216456491276,0.40366569863455903,0.6290988639564135,59.896067577125905
611.9903214823098,54.56280983483084,0.9671898436678257,0.5626876782289174,58.32311490372515
173.55015830717798,63.51053209241445,0.425025504956311,0.2973064345069609,57.1673086042835
484.3294319447896,51.602352508161566,0.5059448018599104,0.07097462677709698,59.94123937575428
69.27725162318939,88.77499944014983,0.6334724231759059,0.12141657544381346,53.80094312409643
430.0219540359046,97.74586426952428,0.9727541524919949,0.745591449291868,55.92064926913832
598.9969878461584,89.61191713752072,0.037760142726747326,0.38752077541184593,63.6595490465226
898.216224719612,81.91920893982358,0.3213893931943532,0.936283080443876,59.04639842864296
833.4646538864106,72.50179593271906,0.7739701353074351,0.6002565916446099,58.71949234461256
616.146677698951,63.472549413062396,0.010603562067840855,0.8787635292022604,64.64356261167944
872.5460890768352,58.98859238761788,0.26904005682751486,0.10104447096676461,62.2111639537455
270.52159759132905,76.93500316117498,0.9816317701410646,0.2856886307553852,56.19211553465125
296.43588513195755,50.92271411399293,0.5120688506829345,0.5353453242105648,58.10852913477804
588.1177192146984,55.15201639921666,0.8815394910005707,0.5099305828568155,58.48129872300084
648.7976281061135,84.3693718436759,0.6025521490952623,0.531846862977515,58.449686134596405
525.41624728582,64.45461055904299,0.13185123294775614,0.39100801330892465,61.74195874975028
950.971687687032,86.83310379823715,0.5888228652717413,0.5028126559924619,59.33023209154902
320.61865235313326,74.56855529656478,0.653939487339275,0.24101587846054517,57.480995392374155
787.2419445273138,59.88652774341456,0.4914039354132984,0.7527187643164552,59.45647209673689
973.1535603446716,54.157942817080794,0.5593911583217128,0.681322057510189,60.10162493543977
689.0533162941247,52.99285606826638,0.904703680406737,0.20076061735781958,59.33746896088705
196.88661443992714,91.32519262421306,0.7564161212302827,0.8787285696405551,54.483774639459554
652.6780532820687,99.27424986547653,0.14434350225408732,0.15129372711565292,61.56123199795253
219.2292170897092,57.06491361833188,0.11482258062682149,0.8868119613438394,58.54718104610963
989.1368492719464,82.17097142118934,0.0003974644234838731,0.5103390813141948,70.93162349002208
949.5516733478516,89.1073582722929,0.6805197992046128,0.5355790350993179,58.92918497936116
711.4864418468444,77.68481493172308,0.7283775731810065,0.8514542271895238,57.71874139562017
268.5207712055021,94.07506443054896,0.11657429184067647,0.9833667826828094,57.16504216483311
371.9020364517519,61.72783295290607,0.4676491137949761,0.9818857810615849,57.02272394739155
176.38499700086982,58.08623234531214,0.2540074571167479,0.14806822977589618,58.548567777712314
835.3291022745937,78.99705394854828,0.5534630672803771,0.649775535267306,59.04559874675954
779.8363109403297,90.18751251518223,0.5796916346753229,0.44490081855915586,58.95174601487958
890.2405462110898,54.17747627019622,0.7464675433813739,0.7840164617731251,59.131489472860096
892.8660495901604,90.56380981944392,0.8800213943242521,0.8772235109764921,57.49270098079721
657.3305717602636,89.66052446463719,0.016607217018020926,0.5068370423619282,65.05902855947261
987.8990136376283,71.26362449406682,0.13023807364672568,0.6209070386158722,62.41673265105932
207.11398067104392,84.57025596014577,0.7273868370314123,0.4507896374383602,55.71785666713458
827.110192880644,96.64993479738632,0.5191187221616009,0.03634074992176539,59.77752590363694
869.6208848472822,68.26115277185625,0.36525083327528574,0.5578723608148051,60.44668651461491
63.22755307118291,89.3028268666034,0.422458361995214,0.12126311172240056,54.26452931689286
99.39057169864418,63.65566382668393,0.9875146049858967,0.9616870883273845,53.23274440366379
158.70043192247977,66.81071215177009,0.09659962337653893,0.5753605840025113,58.92319208226973
750.7502400051419,80.08674427262807,0.2579512079461197,0.6448671053802932,60.195575642420465
11.400480049198677,64.92347805684065,0.5771850594413646,0.3347819919687314,50.09754656102791
218.7050106579252,99.19764762831097,0.5466708003355338,0.02715233537320838,56.607563766306946
649.1261128957053,56.807268568239586,0.6723826962270132,0.9814998370916661,57.88917846342927
869.0348937526451,63.93023266014245,0.35766080014649226,0.44876585052368845,60.867909832048795
311.6046549917937,97.32604103542101,0.6438420790915069,0.09203148280957207,57.06266291575063
517.4870156943036,97.26660702391762,0.22753175208425191,0.4529384544916628,59.64758189041929
888.3706891373331,63.93857336993762,0.614267791238096,0.8834892335356246,58.79193880776004
403.65403364221265,85.08000673679204,0.9541106639689336,0.380959939866208,56.77481997982862
441.49999937884445,68.21233473856508,0.556427647404619,0.8868335885008325,57.29122896421757
767.3162749734804,78.30482642531449,0.28251585467774043,0.2302517686496912,61.0091250021793
482.27039548448124,99.82655579831912,0.5682118789921751,0.7133938097767885,57.13122971073422
740.9093328016011,88.36995892115931,0.43512568125120543,0.9156610020350726,58.111224339497134
138.25721700439158,60.13507552340962,0.7532434247502056,0.496459303487524,55.42627250002341
607.723599752627,88.11724846894876,0.7801833439155861,0.9010348056075019,56.84951202823343
949.7703686964603,58.47885397849314,0.14683391595820727,0.1524264238105093,63.55278987831643
629.6462149901738,52.10775694592953,0.04425533370646617,0.38801332942905953,64.67461679684376
659.1124911161401,52.923497347681824,0.011963903463038106,0.05562490446718815,67.42413578213257
157.36390777773568,65.33227068053394,0.09191041348367412,0.6926990104791977,58.70051589861801
70.77262750079444,97.43503836915409,0.7559208022234254,0.16505769082732447,53.29302899994155
322.08752043817117,69.85915353625218,0.3452487011916734,0.8389165532061074,57.477630197290004
984.7974729680479,71.16599713346432,0.5868687933523875,0.6400339539454563,59.54808851444608
616.8749167073527,66.57273583049323,0.5712825131042987,0.15862036932218504,59.57436721621009
528.5978356730366,71.81454317087366,0.07946721268909007,0.3136428243198337,62.62081444445474
595.8776219023953,59.06523322768011,0.10458192336061423,0.2752917883173349,62.88765392586876
871.4007461681435,92.70643465055613,0.7088635097200768,0.1799300614491166,59.16124939546532
759.3106946235123,74.43902396233885,0.5010462184096163,0.4360303197572013,59.60825053518528
375.8314424574228,52.32334934871158,0.2191359845764813,0.3514790574851028,60.52763100809706
985.7551171916487,78.55096617364684,0.5465726833987403,0.5610822320589759,59.64776219139445
966.8296743387205,86.75691015169859,0.9229861439970459,0.8760031228797731,57.68307033979552
57.87338895927974,69.01866900413899,0.6595385453159537,0.9714262952248252,52.461852855795726
519.0728187768816,97.6831869451024,0.9060929271831257,0.7452994483505908,56.449637448551194
962.479887336548,54.591567107863504,0.4736865652268163,0.11272225834322458,61.44269864518233
568.5195785619337,50.22745509431036,0.9414211327341095,0.47785085902604596,58.541095475861276
621.7960638776838,64.90976158751872,0.9721160720922073,0.08489264192465895,58.67154163032878
239.72853770301072,64.10507493838618,0.961360517413204,0.9241198043523047,55.183742413532286
359.0885629120146,64.67045450798048,0.15332849384697123,0.9170222437011435,58.75617663873549
378.5392007027808,90.10761008407584,0.10013231277952572,0.1445658980186859,61.15715938472454
889.1266248549393,51.92317438033819,0.018681080537005013,0.3003000155838107,67.25071665041096
817.8347816698806,79.28735484172752,0.8624292068877959,0.5323037497101828,58.41340806543005
205.46773754249148,79.17680838990977,0.4337852601588992,0.21640644683749977,57.155802641973054
546.8210220176936,58.74898148288242,0.20423235022109854,0.2906352946623765,61.38929216319863
681.7893868456415,62.00785066691602,0.7092688993124379,0.9974394913280749,57.66769873778155
398.97367687874385,66.90276295616538,0.9597832440393665,0.19906756919259894,57.50984846524158
931.475510567353,82.20529769508835,0.83089562140569,0.29816830692962615,59.080570898418756
165.13876223266652,86.99583463719755,0.023206789907779912,0.10599533736471822,61.293317947535456
335.40968195853475,97.72927119941795,0.41418749964803925,0.31547513275405503,57.761896061797
218.8521507396124,72.6785712684522,0.358104866693328,0.8035845676956015,56.607699315075195
382.32810135593104,50.1298565211527,0.872633362523481,0.2588178163254544,58.1503411187332
223.0169934378414,81.37756907857245,0.4676083545477392,0.019918731057465555,57.39024787056917
843.6188945577385,76.0336433447341,0.8648254044634855,0.07677248428304018,59.25033222207553
998.0437893124833,67.55094152469563,0.7791619138060712,0.7030841548689657,59.02658745429058
961.8720395190596,67.34798998059739,0.4583386619024603,0.24640072478161046,60.85441874482541
239.81833529602818,93.92963172304664,0.8628062026861438,0.2604660541171895,55.77193942753543
43.331793752561,90.0282988938313,0.9666676832328711,0.5094155214958109,51.54794266952816
917.7374967708706,60.6780170258052,0.3767280033943621,0.6073075890186659,60.64248651277319
405.121608427168,61.34315339264921,0.3522836555399296,0.7326161866402014,58.58496387496886
813.9725646662544,55.99482991735887,0.25398696867878323,0.3591725045206644,61.854585408748974
877.5747536485919,96.9475492263782,0.6783669112302544,0.8268512275660977,57.878878595380954
445.01741467257466,58.60910022712316,0.5017678666647363,0.5750820856257424,58.65991587435576
679.5150801990317,74.22229349974867,0.36950388663919,0.49014952387065747,59.84533817799843
45.66656123012035,54.65553819618545,0.10412189053227805,0.377223339267476,56.32649214325728
985.6639510446716,87.44035520132081,0.9474746880352523,0.18728932870988335,58.962778517738286
233.71650394962512,99.57749544860386,0.7938137262740073,0.28486093729610173,55.71385965469079
81.89137142074424,69.19145640021979,0.6145333990864448,0.3289410001587374,54.54398384761217
668.5900160880499,60.189965016305344,0.568687585303354,0.739325255280272,58.872394946011454
18.792011542518026,85.85870441295279,0.47196586648616434,0.5537216949477854,50.77114234491564
428.5470830903025,75.69626626431564,0.013139364843540058,0.3613858154074918,64.9130868680598
880.1989757553895,89.83038911096692,0.325633490056509,0.2813850356371701,60.65488569538083
851.6970882237599,62.362239314586674,0.18242533576944342,0.17878097011682126,62.69087604647859
794.5857230707543,67.19819713407041,0.9837159956720867,0.6947109504323212,58.146391854699395
874.2179100271003,62.68570672631565,0.2331339706368709,0.3609499674427381,61.93604382015768
486.0880576627526,68.05779489580597,0.4146201808874106,0.31157903730952174,59.39261305401968
711.5868424563839,55.64693739824706,0.0544897141721985,0.8986112217076323,62.335367125062504
725.1316934071172,55.478027650152185,0.37802911538837924,0.35726865809895814,60.83822992850165
998.4454111180789,99.50514092175395,0.8621546887407223,0.007614772409141546,59.12833141043143
598.4323550696565,80.28570828590063,0.11046781366626801,0.7725364395317078,60.744936699489145
941.8466371488048,69.57493703849813,0.0997325560522746,0.7169308443867008,62.51061589455037
579.2008226699586,62.813501319622326,0.3019026445705617,0.5270393324296405,60.15218247917208
998.7349541492576,85.7888588007196,0.641197585428884,0.9233854112351056,58.19953449464527
214.31921745042564,54.48159380719866,0.9490145618930153,0.22920340192067656,56.563016930023664
977.5857707568657,93.7063802344323,0.09445704114764064,0.3004977250955325,63.20487310354389
824.7438118924874,62.92554054454681,0.7932094805937224,0.12394131643162654,59.72783171584456
374.52715063026017,62.521454185770075,0.2805044249870372,0.26556218882848137,59.81015351319492
363.980215132422,96.31972810924674,0.40900385421144425,0.7210594545589382,57.14386851633932
176.47412164273328,89.34686166886982,0.04549929116740081,0.1232760492532281,60.51025583765227
168.12778191588177,96.08189941278417,0.3371818694522253,0.6262277910756393,56.00392183193002
182.45545599178968,80.52921289437704,0.052377747652899265,0.9714900953033083,57.75294373069159
940.6823349915346,91.63597856279868,0.17378662524172572,0.1369744002386455,62.24566516244872
137.08596262238643,66.83088646289609,0.11206699293917421,0.9348175000883547,56.87221182963668
409.25094538201006,52.48939097722094,0.3364471488625238,0.00042852159370077025,60.41233393790644
736.452389479078,96.57566098334647,0.38497774087545156,0.7616693027866706,58.669910113581295
549.253489459657,62.08653735975294,0.0956452910423089,0.8749235386681717,60.79150533898317
356.2459604858866,97.56330742682349,0.4099937248928982,0.8025336691982996,56.81918569350478
477.65565263822236,69.8579458699211,0.1341849285361585,0.41600738757209,61.258358751974924
315.8820600391616,52.23004794915398,0.4303611872596078,0.2295531375004336,59.04370421890849
201.6550263326501,85.08550589980017,0.528031216435404,0.6544344031289144,55.83355276836136
522.9379631493307,76.92179120325746,0.6410391605355432,0.26934829571873586,58.5049590156844
152.24203987914575,70.60953477855941,0.7517758242470376,0.981943371041138,54.20827073889568
905.65436574299,67.46396210247227,0.0771805757747892,0.44955378566479554,63.810644070002255
216.85829570595047,94.8539035225212,0.14142774005665548,0.9986277032669115,56.31871200203765
422.90246277849974,55.549155072634825,0.5046491949912169,0.17921529116634916,59.335306981356354
878.658706080817,66.47299833180024,0.15235085634540035,0.704814786731488,61.723414621624386
274.73356480839084,69.99692435875534,0.5464245548851967,0.75986623616543,56.620636480485935
527.4396483170665,79.46840303042858,0.8870540769238167,0.7330993470424712,56.9965680530784
976.4610649523743,77.45306821466815,0.48956017119268314,0.3843984991933356,60.220486224043725
844.2159060126821,99.60325857519413,0.28358757813162505,0.9684544413291316,58.48635815582541
96.42580673154657,71.4137162081295,0.2935315525799742,0.3106160889855114,56.16574566274978
413.1872378658202,67.3029579988056,0.7375693481113532,0.3294597583904313,57.908168830503755
169.39135260970943,69.50627561617641,0.7046825519975812,0.8997623231497862,54.805668158601
999.0029694944137,85.63824809560431,0.9963952972262924,0.5349026826110104,58.40315482113955
270.99309244190795,84.94233066460257,0.11301024633458101,0.9967518454439994,57.311011612495435
39.80702425774666,50.936283075182544,0.07878522125288501,0.4872046061757127,56.316677285289586
651.7889045360721,71.84442881507451,0.3799895892480214,0.6901088435359155,59.2825621282813
892.7263378808298,61.73569698946988,0.2956869828750939,0.722837361771149,60.6562196230669
890.8734810064457,62.18603608177903,0.5749415197710877,0.3486783593980314,60.23903906296324
847.0333614583378,63.590536811921325,0.3979733128192364,0.19656259445587443,61.05450490875111
764.8670077654303,92.43299960041725,0.6170024502358766,0.8163863601414216,57.87453243137789
693.7189598792722,97.32616526213299,0.7748597510925221,0.4999517186355744,57.87117392789544
636.1336068868716,53.080806619924445,0.5092644971844396,0.10257237296497501,60.44131204308766
753.4656280451234,78.85832900964785,0.017780628909680685,0.9085576495573433,63.438454733890424
499.5878844834215,78.42558021638678,0.5214432819739809,0.20560585305218182,58.86051943089426
304.64117070583075,81.43654755184086,0.8568512895090374,0.836710708704923,55.57650073235767
245.8536121069924,95.1926464193641,0.6933203177274585,0.05391567999198177,56.47462679556804
436.14521945287834,77.03709922225153,0.02955845698759818,0.38333918661074784,63.60755490823753
732.3424388272606,59.48930650088261,0.5792419282351584,0.8635926934121869,58.69273250888163
945.3854446053451,64.29220615885878,0.9752077215280222,0.2548524857587229,59.388894408353664
183.5149821459338,81.70288863019665,0.17438092759805301,0.5552511861454563,57.87425214566633
527.8461402462424,55.158028882377316,0.5734635531592489,0.22923063182272352,59.526405252292534
745.9063419839606,92.08426415671173,0.29387288607704654,0.8304211372364085,59.01194903725556
248.2799289817799,58.77106265604412,0.7375852792516999,0.13512089909805747,57.32797446333258
319.4463729251813,65.25524469444804,0.0819055671982849,0.34798807769174456,61.475647794527774
940.4985445526229,81.02565824097184,0.4157774490349626,0.9938527183026213,58.50986098541892
366.91238161626825,66.82654220656245,0.7835772360591133,0.6941809984591434,56.89108164356516
819.3050014375813,55.573895251362785,0.6918772297232512,0.30865409890968865,59.996092748523594
245.93034701559327,59.50986973150996,0.31813538009459696,0.9902273514984068,56.684289188464696
317.44862649955144,72.41803090806573,0.07002295423339078,0.37145854466314354,61.467730239372344
475.1892713584393,85.6165605309564,0.8712392465209153,0.5165339697223434,57.07127493758111
499.09260930974233,86.04471550194636,0.8420885428858742,0.6888429084134748,56.893550591160874
817.5505948037489,81.69393792285636,0.043656477826367945,0.6359432036189088,63.682537927109635
675.6728161309591,84.39327717818166,0.3987321996311086,0.7386666387801104,58.784416056851974
862.1494915789733,75.31360616202102,0.9396879708801489,0.806734955288068,57.89715966876188
476.8223155033447,87.27727880430672,0.934314551826753,0.5755152800823193,56.8014512567401
513.1072768358727,56.13030422236924,0.3844262515016936,0.6554588660376068,59.36337446711855
921.2361361440153,81.20955084780459,0.6422995926779822,0.10686277683055989,59.87106445633468
835.3401912774661,72.2967686298124,0.8308484241382263,0.8727222858614256,57.944516405871866
300.52337782398445,60.31025258293546,0.22435935896184311,0.5711187657659897,59.19555667525698
241.11561428137543,94.0595371068585,0.674961331142157,0.9800082534377972,54.70076635599696
228.13911333190367,67.8792943565376,0.7364666233810864,0.9106457915583777,55.39038203112276
526.6203160170539,50.03760946290532,0.8589141486561265,0.4973002135214095,58.522537664520286
171.19259481226413,99.45914837479,0.3223555329788972,0.999952745052378,54.73112671901518
643.4473857232242,83.72900416980265,0.32460620279302055,0.8911693968613259,58.47749860480883
942.1061589814713,59.162086144887084,0.777242693677602,0.7277776283394084,59.13503671466654
558.166074223484,69.49600764673539,0.6807389554836039,0.47275427045838336,58.42088756434053
580.7159474258199,76.38610389043123,0.5933305080779465,0.7006417907891676,58.07369943121837
488.0081519396465,84.32101292637614,0.023431462864122565,0.7979578421832643,62.73817622679826
871.4517416612616,87.21777101704441,0.6213835427358012,0.7181287120822484,58.54360760100141
318.2559527405044,73.80069308171942,0.709627386152448,0.21830846013198668,57.359550602523896
39.55406042953473,58.7831773567814,0.10337843019246051,0.5133423284591094,55.60476406038288
268.5578085048551,55.878453509174754,0.3597464554096512,0.6440700445078926,58.0796170147202
597.2003235456236,83.99269169331805,0.35374695981076587,0.9149677123691502,58.07061974689355
138.23746822083694,70.73345841414465,0.5819996339908637,0.7641517619177822,54.98765851456565
262.1843487311212,95.94996376428975,0.8832201973993656,0.45893360933099747,55.59275055987128
448.82989755863855,50.76138264540473,0.4635538356495488,0.601111544061252,59.0783517636047
45.96396485893001,73.27710271918376,0.9244425110589181,0.33951167737959764,52.39664115377953
820.538728128643,79.78800978963162,0.9616131736563747,0.5565018147236183,58.157121038185906
992.7376730179317,90.70089340458442,0.9855770465131446,0.705044022640926,57.95023231832063
246.46643775021698,61.25408339083642,0.7617533061524404,0.21273833199726133,57.0621208533162
713.0010456616874,76.91169561098829,0.690426050840766,0.5607537724601528,58.54379795229206
34.893297371308336,61.53766578015913,0.2128306008042522,0.8033717174369637,53.60907452632178
655.0464700396137,95.41397356862919,0.38630703132577726,0.276208740964758,59.52841448714756
107.02679506533104,86.19082329414056,0.2960945408260005,0.7285249504513467,55.1735993907472
994.8751716155448,89.26443418091375,0.8124308086601495,0.022460761025078657,59.46116054634341
180.91199346368353,95.60380579419147,0.4730587693085011,0.927679480663627,54.7436082387809
741.1246758897623,56.53538006876025,0.2827322049007823,0.3801405645805338,61.371550044397836
64.951391133686,82.11668388270253,0.3867575230495053,0.5119973831110023,54.15072436781771
125.47515581916764,82.17574341100008,0.6158602932671859,0.9774104958016607,53.75928215076894
297.9849111566309,80.3153366118456,0.9260313172092174,0.7764352259799321,55.57557712986747
641.259844866008,97.87754724062275,0.21924167659396288,0.5540000318471221,59.95652454146915
394.195195074245,54.04027962727841,0.9565836296521455,0.40972565282193507,57.66008328999757
809.6799804855268,57.09835601760274,0.36872269742662933,0.5221732318079069,60.739837688574625
706.1871239339462,55.40168200837526,0.7687367955653932,0.8981214920621656,58.21023773093068
565.626296790563,80.60601868934788,0.22000144693851986,0.8457254200504083,59.10290192781528
802.4665321056357,84.12219839933815,0.6952840497116981,0.8348153226617061,57.929873616114534
988.4464844827487,86.52701971756078,0.6694875606850623,0.954149271781459,57.98163143819799
847.3054610251106,98.25271539280529,0.7149019573758826,0.20788533755605232,58.91682506858251
106.08681396539987,78.0841308248693,0.5879847337070798,0.5388835141820476,54.631822100537626
382.3370972277685,96.96801082926058,0.042883537543439765,0.08262245856730366,62.58333599774279
582.6680339835311,51.53346519960923,0.1841602928809185,0.9729786314227915,59.66294645920756
361.56769586360565,59.7670387800441,0.2150276908894304,0.2421968057917394,60.369091293432305
918.2031546069591,60.98947511911488,0.6796610204609401,0.59657760089953,59.55568974834283
823.0021534454111,84.33660433695799,0.3694093602073949,0.44996454722095014,60.079710330401326
321.7730713877454,85.75346650158708,0.4688658416274001,0.6659103797536421,57.02983510666865
330.06493109355347,96.03510279684649,0.5233949817981647,0.21535413341482257,57.46394241813541
200.95434654944552,68.62016762562226,0.4696024517351154,0.32641075315665247,57.108188341130266
744.5826524142262,89.32195062713446,0.5190333036851413,0.9337940534845393,57.76023968287796
63.98701463262887,75.87959132828114,0.6828116654630205,0.7753528718007892,52.89074085157821
231.89721497680944,80.48539525260163,0.9532583518570894,0.8195430687540823,54.89048735221688
902.8625568785726,94.9003966918227,0.7907113578068592,0.3797641229808544,58.67127395557535
425.31777436372477,63.600370826469245,0.9889740675680156,0.15825384549374477,57.75295381625831
738.3882174267449,87.45691828679844,0.35694542165547305,0.9164895674448315,58.421341076466824
61.34503660776886,87.50077841403028,0.7021535528106204,0.3841034721799461,53.07370692915783
873.1617633930605,61.69411506201609,0.04662630310912985,0.3922703475178906,65.00302655965324
762.5601445032864,70.36942600141025,0.43253875259397767,0.9302996987143897,58.614321759853325
759.6860894957451,81.45478469580709,0.9387566933104283,0.3829547335391106,58.283167838017874
665.8928477387908,61.332954418230145,0.013994466998473953,0.5217617966854478,66.16794597524287
886.098554127969,78.40868083553995,0.570409853435272,0.2888433426294621,59.83709614947709
135.1550482493128,72.79921844000853,0.7323073759891405,0.4766035440109051,55.04256636245046
480.3637127675063,61.41344023302199,0.8370181244324619,0.06917702511865831,58.54005054961693
619.8436024853606,85.05104627738947,0.9824219722851519,0.6880553519662613,57.115077100003866
976.0048068248873,86.04389188352239,0.8447531913908017,0.28733457098921256,59.067175045379415
70.20398972212092,87.7935438565134,0.574361461032505,0.24954071640187836,53.88573693953461
283.5258664201192,52.95283290113725,0.02642012546370509,0.47019413232859764,63.29040522973993
325.3037202381636,52.52309874898873,0.8064599227821962,0.5852502338002898,57.322124713892926
404.49063218908395,66.28565449747032,0.7688886506165715,0.5854370487725986,57.37887539601657
1000,3.07074